prompt,phrase_1,phrase_2,phrase_3,phrase_4,phrase_5,phrase_6,phrase_7,phrase_8,phrase_9,phrase_10
a long meeting feels like,watching paint dry,endless dental work,eternity in beige,a slow marathon,trapped in amber,purgatory with slides,molasses uphill,groundhog day loop,suffocating in jargon,death by powerpoint
innovation starts with,breaking stupid rules,asking dumb questions,glorious failure,coffee and rebellion,impossible ideas,garage experiments,napkin scribbles,refusing normal,playful curiosity,wild hunches
memories are woven from,scents and echoes,golden afternoons,laughter and tears,fleeting glances,old photographs,familiar voices,fading sensations,precious fragments,tender moments,whispered secrets
always ask for,receipts and proof,extra napkins,written confirmation,help when lost,sauce on side,forgiveness not permission,clarity upfront,references first,seconds at dinner,exact pricing
always back up,your wild claims,precious photos,into parking spots,critical files,your friends,slowly and carefully,creative projects,when reversing,important contacts,essential documents
always bring,snacks and water,extra batteries,backup charger,your own pen,layers for weather,emergency cash,tissues everywhere,phone and keys,book for waiting,sense of humor
always carry,breath mints,emergency cash,backup charger,your own pen,tissues and bandaids,gum for later,small notebook,extra socks,snacks for emergencies,hand sanitizer
always double-check,your fly,recipient names,spelling on tattoos,expiration dates,locks before leaving,stove is off,passport dates,directions first,prices carefully,amounts before submitting
always follow up,with gratitude,after interviews,within three days,with action items,on doctor appointments,on promises,with questions,after meetings,on leads promptly,within a week
always label,your food clearly,cables and cords,storage boxes,frozen leftovers,kids lunch boxes,borrowed items,chemical containers,old photos,moving boxes,kitchen containers
always listen before,speaking your mind,offering advice,judging harshly,making assumptions,reacting emotionally,jumping to conclusions,forming opinions,interrupting others,giving feedback,responding angrily
always lock,your car doors,the front gate,precious valuables away,doors at night,luggage when traveling,bike securely,office cabinets,windows too,the deadbolt,garage doors
be kind to,service workers,yourself first,strangers always,difficult people,animals everywhere,your past self,elderly neighbors,weary travelers,struggling students,yourself especially
be patient with,yourself always,elderly folks,learning curves,slow progress,beginners trying hard,natural processes,other drivers,young children,healing wounds,your own growth
build habits around,morning routines,small wins daily,consistency not intensity,your energy peaks,realistic goals,enjoyable activities,existing routines,natural rhythms,core values,easy wins first
choose curiosity over,judgment always,fear and doubt,assumption and bias,pride and ego,comfort zones,certainty sometimes,anger anytime,defensiveness,knowing everything,being right
choose progress over,perfection always,speed sometimes,comfort zones,instant results,stagnant security,familiar failures,easy victories,flashy gestures,paralysis,winning battles
don't argue with,idiots online,drunk people,the internet,zealots ever,your spouse tired,customer service bots,conspiracy theorists,hungry toddlers,referees,fools publicly
don't chase,people who run,toxic relationships,unrealistic dreams,get rich schemes,perfection constantly,fleeting trends,validation from strangers,impossible standards,quick fixes,unavailable partners
don't click unknown,links ever,email attachments,pop up ads,shortened urls,sketchy downloads,suspicious emails,random invitations,strange buttons,weird websites,dubious offers
don't compare yourself to,social media highlights,other people constantly,airbrushed perfection,impossible standards,anyone else,filtered versions,fictional characters,past versions,curated feeds,your siblings
don't lend what you can't lose,especially money,to family members,like favorite books,sentimental items,your best tools,treasured belongings,original photographs,irreplaceable things,vintage records,signed first editions
don't make promises about,other people,uncertain outcomes,the future,things beyond control,weather conditions,delivery dates,your availability,results guaranteed,perfect timing,impossible deadlines
don't shop when,hungry or tired,feeling emotional,drunk or sad,angry at life,bored and restless,stressed about money,lonely or depressed,on empty stomach,seeking revenge,avoiding real problems
don't skip backups,ever seriously,for critical files,before major updates,of precious photos,when traveling abroad,of important work,especially passwords,before migrations,on production servers,during tax season
"if it's raining, trust",puddles are deeper,umbrellas always fail,drivers are worse,forecasts were wrong,shoes will leak,your gut instinct,nobody brought jackets,plans will change,sidewalks get slippery,delays are coming
keep a spare,key hidden somewhere,phone charger,tire inflated,toothbrush handy,set of keys,pair of glasses,outfit at office,change of clothes,battery charged,umbrella nearby
learn to say no to,toxic people,unreasonable demands,free work,energy vampires,guilt trips,peer pressure,cheap clients,bad deals,overcommitment,everything optional
leave early for,airports always,important interviews,first dates,medical appointments,job interviews,weddings and funerals,court appearances,international flights,train connections,rush hour traffic
never argue with,drunk people,true believers,idiots online,hungry spouses,referees ever,conspiracy theorists,sleep deprived partners,customer service bots,zealots publicly,toddlers having meltdowns
never email when,angry or drunk,tired and grumpy,emotional and reactive,call is better,face to face matters,upset about feedback,passive aggressive,crying at desk,could text instead,hungry and hangry
save receipts for,tax season,expensive purchases,business expenses,warranty claims,returns later,reimbursement forms,insurance claims,disputed charges,budget tracking,proof of purchase
sleep before deciding on,big purchases,life changes,angry responses,career moves,relationship ultimatums,major investments,drastic haircuts,vengeful texts,job offers,tattoo designs
the best way to make friends is,listening genuinely,showing up consistently,being authentically yourself,asking good questions,sharing vulnerabilities,offering help freely,being reliably present,laughing together often,showing genuine interest,remembering small details
the key to success is,showing up daily,relentless persistence,learning from failure,consistent effort,disciplined action,staying curious,embracing discomfort,helpful relationships,calculated risks,never stopping
"to boost creativity, try",random constraints,walking outside daily,napping midday,switching locations,doodling mindlessly,reading widely,talking to strangers,changing routines,playing like kids,making messy art
"to save money, always",wait before buying,compare prices first,cook at home,use coupons,automate savings,track spending daily,buy generic brands,avoid impulse purchases,negotiate prices,pack your lunch
"to stay healthy, you should",move daily,drink enough water,sleep eight hours,eat actual food,laugh more often,manage stress better,walk everywhere possible,stretch every morning,breathe deeply,limit screen time
"when in doubt, choose",kindness over cleverness,listening over speaking,honesty always,simplicity not complexity,quality over quantity,patience over speed,action over planning,less not more,silence over noise,the higher road
"when in doubt, wait",twenty four hours,for calm clarity,before sending emails,until morning comes,for emotions to settle,a full day,for better perspective,before major purchases,to reconsider carefully,one more night
write things down about,brilliant ideas,passwords somewhere,memorable moments,important conversations,lessons learned,funny stories,gifts people mention,promises you make,goals and dreams,gratitude daily
I always overpack,shoes and outfits,for beach trips,just in case,anxiety and guilt,snacks for later,backup chargers,books never read,extra underwear,worst case scenarios,my anxious energy
I am secretly afraid of,deep water,being ordinary,public speaking,flying in planes,wasting my life,spiders and snakes,the dark still,failing publicly,disappointing parents,dying alone
I am too competitive about,board games,trivia nights,spelling bees,everything stupid,driving speed,word games,cooking shows,fitness tracking,arguing online,karaoke scores
I apologize for,existing sometimes,taking up space,everything constantly,breathing too loud,being myself,inconveniencing anyone,my resting face,absolutely nothing,asking questions,my loud laugh
I avoid confrontation about,minor annoyances,everything possible,hurt feelings,unpaid debts,bad service,borrowed items,noisy neighbors,relationship issues,workplace problems,family drama
I bought a duplicate of,favorite jeans,phone chargers,backup deodorant,shoes I love,the same book,eyebrow pencils,black leggings,comfort foods,hair products,my favorite mug
I break rules for,good pizza,rescue dogs,my kids only,chocolate always,family emergencies,true love,free food,parking spots,best friends,birthday cake
I can't resist buying,books constantly,office supplies,plants I kill,cute socks,fancy pens,kitchen gadgets,scented candles,succulents again,notebooks galore,clearance items
I care too much about,strangers opinions,being liked,perfect punctuation,fictional characters,proper grammar,my lawn grass,thread counts,parallel parking,minor details,everyone else
I clicked buy on,impulse again,midnight madness,something stupid,emotional hunger,targeted ads,drunk browsing,retail therapy,late night scroll,budget obliteration,future regrets
I collect tiny,hotel soaps,resentments daily,grudges carefully,spoons from travels,failures and wins,ceramic animals,happy memories,buttons and pins,vintage toys,airline bottles
I daydream about,winning lottery,quitting my job,tropical vacations,perfect comebacks,being famous,early retirement,fantasy adventures,alternate lives,telling bosses off,unlimited budgets
I delete texts about,awkward exchanges,embarrassing moments,drunk messages sent,emotional outbursts,passive aggressive jabs,evidence basically,oversharing incidents,late night confessions,cringy flirting,financial shame
I dread being asked about,my love life,career plans,having kids,my writing progress,future goals,the wedding date,my salary,political views,relationship status,when graduating
I exaggerate when talking about,fish sizes,my accomplishments,workout routines,how busy am,childhood adventures,salary history,travel distances,near death experiences,my cooking skills,partying days
I fake confidence about,adulting skills,tech knowledge,cooking abilities,directions always,everything really,wine tasting,job competence,my opinions,sports knowledge,car maintenance
I fall for ads about,miracle products,weight loss,kitchen gadgets,skin care,fitness equipment,productivity tools,hair treatments,organization systems,quick fixes,anti aging
I fear missing out on,social gatherings,limited offers,viral moments,group texts,exclusive events,insider knowledge,cultural phenomena,trending topics,friend hangouts,internet drama
I feel guilty about,everything always,resting peacefully,saying no,my privilege,eating desserts,taking breaks,spending money,not calling mom,being happy,existing sometimes
I get anxious around,phone calls,authority figures,social gatherings,deadline pressure,conflict brewing,loud noises,crowded spaces,making decisions,parallel parking,unexpected changes
I get defensive about,my parenting,creative choices,music taste,my intelligence,political beliefs,spending habits,my sensitivity,career choices,lifestyle decisions,literally everything
I get irrationally angry about,slow walkers,loud chewing,grammatical errors,traffic jams,spoilers anywhere,pen clicking,reply all emails,wet socks,people chewing,tangled cords
I get jealous when,friends hang out,others succeed,pets prefer others,partners text exes,siblings get attention,colleagues get promoted,people vacation,influencers travel,babies steal spotlight,strangers look happy
I hate admitting,when wrong,I need help,my real age,I was wrong,ignorance openly,defeat gracefully,being scared,I don't know,jealous feelings,my mistakes
I have a hidden collection of,takeout menus,rubber bands,hotel toiletries,plastic bags,old concert tickets,unused notebooks,expired coupons,broken electronics,sauce packets,bobby pins
I hide snacks in,desk drawers,my purse always,bedroom closets,car glove box,laundry room,bathroom cabinets,winter coat pockets,filing cabinets,sock drawers,random places
I hoard backups of,phone chargers,passwords written down,important files,favorite pens,critical codes,critical documents,external drives,old phones,backup batteries,flash drives
I laugh at,inappropriate times,my own jokes,terrible puns,awkward silences,funerals sometimes,serious moments,bad news,cringey humor,absolute nonsense,when nervous
I lie to myself about,screen time,my budget,exercise routines,eating habits,bedtime schedules,drinking water,starting tomorrow,productivity levels,being fine,spending limits
I live above my means for,nice restaurants,designer clothes,travel adventures,coffee shops,fancy dinners,concert tickets,good wine,tech gadgets,organic groceries,luxury skincare
I lose time scrolling,social media endlessly,late at night,real estate listings,travel photos,random wikis,ex profiles,celebrity gossip,recipe videos,relationship subreddits,interior design
I once lied about,reading that book,my qualifications,being sick,my age,seeing that movie,knowing celebrities,having plans,travel experiences,food allergies,my salary
I overshare about,medical issues,relationship drama,bathroom habits,personal finances,mental health,childhood trauma,my dreams,bodily functions,intimate details,everything really
I overthink,every text sent,social interactions,every conversation,simple decisions,grocery lists,outfit choices,email wording,everything possible,casual comments,literally everything
I pretend to enjoy,networking events,small talk,craft beer,modern art,jazz music,outdoor activities,meditation sessions,classical concerts,yoga classes,poetry readings
I secretly admire,my enemies,confident people,my ex sometimes,annoying coworkers,influencer lifestyles,rebellious spirits,early risers,organized folks,calm people,minimalist homes
I secretly hoard,plastic bags,takeout containers,rubber bands,hotel shampoos,sauce packets,expired coupons,unused notebooks,gift bags,twist ties,old receipts
I secretly wish for,unlimited money,superpowers,time machines,mind reading,perfect memory,revenge sometimes,invisibility powers,do overs,teleportation abilities,eternal youth
I snooze alarms for,just five minutes,hours sometimes,way too long,thirty minutes,another hour,half the morning,unreasonable durations,two more hours,fifteen increments,eternity basically
I spend too much on,takeout food,coffee daily,books constantly,streaming services,impulse buys,online shopping,fancy groceries,hair products,subscription boxes,eating out
I stumble over,my own feet,simple words,basic introductions,flat surfaces,air sometimes,easy questions,obvious answers,nothing visible,common phrases,awkward silences
I talk myself out of,good opportunities,deserved success,needed risks,fun adventures,asking out crushes,expensive purchases,spontaneous trips,confronting issues,trying new things,being happy
I tell white lies about,being busy,reading books,watching shows,my age,having plans,being sick,liking gifts,getting messages,my weight,exercise routines
I try to impress with,obscure references,vocabulary flexing,travel stories,fake nonchalance,expensive tastes,insider knowledge,name dropping,humble brags,cultural knowledge,childhood achievements
I use humor to avoid,real feelings,serious talks,uncomfortable truths,genuine vulnerability,awkward moments,tough conversations,emotional depth,actual intimacy,confronting issues,authentic connection
I worry too much about,everything always,what others think,future disasters,minor mistakes,being judged,worst case scenarios,appearing stupid,saying wrong things,my appearance,past conversations
my weirdest habit is,smelling books,counting steps,organizing by color,tasting snowflakes,naming plants,talking to pets,sniffing markers,arranging furniture constantly,collecting receipts,hoarding condiment packets
the last time I cried was,watching commercials,yesterday honestly,this morning,at dog videos,reading pixar,during therapy,last night,happy tears yesterday,cannot remember,over spilled milk
the most embarrassing thing I've done is,waved at strangers,walked into glass,called teacher mom,replied all accidentally,forgotten names immediately,tripped on nothing,sent wrong texts,laughed too loud,farted in yoga,sung off key
brunch is just,breakfast with alcohol,expensive eggs,lazy breakfast,morning drinking excuse,overpriced pancakes,socially acceptable day drinking,fancy toast,instagram fodder,pretentious breakfast,breakfast but later
checking my phone is,compulsive behavior,muscle memory,constant anxiety,automatic now,my worst habit,every five minutes,stress relief,endless scrolling,pure addiction,mindless ritual
checking the weather is,pointless locally,daily anxiety,rarely helpful,pure speculation,my morning routine,always disappointing,necessary paranoia,never accurate,obsessive behavior,eternal optimism crushed
choosing an outfit is,daily warfare,existential crisis,exhausting theater,impossible decisions,stressful ritual,analyzing personalities,morning nightmare,overthinking everything,judging myself harshly,wardrobe paralysis
coffee tastes like,bitter salvation,liquid motivation,morning necessity,burnt happiness,adult juice box,survival fuel,legal drugs,warm consciousness,productivity juice,roasted beans obviously
cooking dinner is,stressful creativity,nightly burden,therapeutic chaos,experimental disaster,adulting proof,my relaxation,controlled fires,survival necessity,kitchen warfare,procrastination interrupted
doing laundry is,endless cycle,meditative torture,sisyphean nightmare,never ending,modern mythology,weekly defeat,pure drudgery,folding hell,necessary evil,my punishment
grocery shopping is,strategic warfare,expensive hunting,budget massacre,impulse buying,necessary evil,overwhelming choices,weekly torture,financial ruin,exhausting marathon,controlled chaos
my bedtime ritual is,scrolling endlessly,pure procrastination,elaborate theater,anxiety rehearsal,overthinking everything,negotiating sleep,doom scrolling,stalling tactics,night owl behavior,resisting rest
my city is famous for,terrible traffic,expensive rent,amazing food,rude drivers,unpredictable weather,cultural diversity,historic landmarks,tourist traps,brutal winters,sports teams
my commute is always,surprisingly hellish,rage inducing,unpredictably awful,meditation practice,podcast time,soul crushing,wasted hours,public transportation chaos,existential dread,test of patience
my email inbox is,digital chaos,anxiety trigger,organizational nightmare,unread thousands,abandoned wasteland,stress inducing,infinite backlog,out of control,pure anarchy,where hope dies
my evening routine includes,wine and regrets,scrolling mindlessly,overthinking everything,snacking excessively,avoiding responsibilities,worrying endlessly,binge watching,procrastinating sleep,existential dread,bathroom rituals
my favorite breakfast is,coffee only,leftover pizza,bacon and eggs,pancakes smothered,whatever's quick,skipping meals,cereal straight box,toast with butter,bagels loaded,smoothie bowls
my favorite chore is,absolutely none,avoiding them,procrastinating everything,delegating others,trick question,washing dishes maybe,none exist,vacuum therapy,organizing drawers,folding warm laundry
my favorite lunch spot is,my desk,wherever quick,that taco truck,the burrito place,local deli,home honestly,anywhere cheap,food court chaos,the sandwich shop,meal prep containers
my favorite pizza topping is,pepperoni classic,extra cheese,pineapple obviously,mushrooms always,everything combined,plain cheese,bacon bits,jalape√±os heat,sausage pieces,anchovies actually
my go-to snack is,cheese slices,whatever's nearby,chips obviously,leftover anything,nuts mindlessly,fruit sometimes,chocolate always,crackers constantly,cookies obviously,trail mix
organizing my desk is,procrastination peak,rare occurrence,anxiety relief,productive avoidance,temporary illusion,control fantasy,false productivity,never happens,wasted effort,satisfying briefly
riding a bike through the park is,pure freedom,childhood nostalgia,dangerous exercise,peaceful escape,dodging pedestrians,wind therapy,urban adventure,reckless fun,simple joy,meditative motion
riding the subway is,sensory assault,human sardines,people watching,survival game,avoiding eye contact,daily torture,germ exposure,personal space invasion,underground adventure,meditation challenge
sunday mornings are for,sleeping late,lazy pancakes,coffee and papers,doing nothing,existential dread,brunch obviously,catching up,guilt free rest,recovery mode,peaceful silence
taking the bus is,people watching,reading time,controlled chaos,budget friendly,social experiment,avoiding driving,environmental choice,patience training,community theater,public transportation roulette
traffic jams make me feel,homicidal rage,trapped helpless,existentially angry,deeply frustrated,surprisingly zen,road rage,pure hatred,patience challenged,incredibly anxious,irrationally furious
working from home feels like,pajama paradise,never ending,blur of days,isolation chamber,bedroom prison,productivity struggle,sweatpants luxury,commute elimination,boundary erosion,fridge proximity danger
compassion begins with,listening deeply,suspending judgment,seeing humanity,acknowledging pain,radical empathy,gentle curiosity,understanding context,ourselves first,open hearts,recognizing shared struggle
faith is believing in,unseen possibilities,something larger,better tomorrows,human goodness,what sustains,hope despite evidence,unseen forces,our better selves,eventual justice,divine purpose
forgiveness is ultimately about,freeing yourself,letting go,releasing anger,personal peace,moving forward,healing wounds,choosing peace,self liberation,breaking chains,reclaiming power
freedom means,choosing your chains,accepting consequences,responsible autonomy,living authentically,self determination,making own mistakes,owning choices,boundless possibility,authentic expression,unshackled spirit
happiness is ultimately,internally generated,fleeting moments,choosing perspective,found within,accepting reality,deeply personal,appreciating small things,temporary state,active practice,self created
honesty means always,speaking truthfully,being authentic,facing reality,owning mistakes,maintaining integrity,choosing transparency,respecting truth,staying genuine,being real,keeping promises
hope sustains us when we,face darkness,lose everything,feel defeated,can't continue,have nothing,are most broken,hit bottom,despair deeply,see no light,feel hopeless
identity is shaped by,lived experiences,cultural context,chosen values,our relationships,personal choices,social narratives,inner stories,community connections,adversity faced,conscious decisions
inner strength comes from,surviving hardship,facing fears,enduring pain,knowing yourself,adversity overcome,quiet resilience,embracing vulnerability,overcoming obstacles,personal growth,tested character
joy is found in,small moments,unexpected places,simple pleasures,genuine connections,present awareness,shared laughter,humble gratitude,daily miracles,loving freely,being alive
justice requires,uncomfortable truth,equal accountability,systemic reform,collective action,unwavering commitment,acknowledging wrongs,restorative healing,structural changes,moral courage,facing hard truths
kindness is shown by,small gestures,listening deeply,giving freely,seeing others,helping quietly,understanding context,offering grace,gentle words,thoughtful actions,showing up
legacy means leaving behind,better world,meaningful impact,improved lives,lasting values,positive ripples,remembered love,wisdom shared,children thriving,inspiration for others,changed hearts
love is best described as,choosing daily,unconditional acceptance,selfless action,profound connection,patient commitment,seeing someone fully,gentle strength,willing sacrifice,deep knowing,transformative force
moral strength comes from,tested convictions,standing alone,choosing right,inner integrity,principled action,facing consequences,unwavering values,courageous honesty,ethical consistency,doing hard things
mortality reminds us to,live fully,cherish moments,love deeply,forgive quickly,appreciate now,take risks,stop waiting,embrace life,value connections,seize today
peace is achieved through,inner acceptance,letting go,understanding others,finding balance,releasing control,choosing forgiveness,authentic dialogue,personal growth,mindful presence,humble surrender
progress requires,uncomfortable growth,sustained effort,accepting failure,persistent action,challenging norms,learning constantly,overcoming resistance,collective will,incremental steps,brave innovation
resilience is born from,surviving hardship,repeated adversity,facing difficulties,overcoming trauma,enduring pain,weathering storms,rising again,persistent struggle,tested limits,refusing surrender
society needs less,judgment and hate,division constantly,manufactured outrage,performative activism,hollow virtue,empty rhetoric,performative anything,fake kindness,social performance,digital rage
suffering teaches us about,inner strength,human resilience,true compassion,our limits,shared humanity,empathy deeply,what matters,authentic connection,real gratitude,life's fragility
the essence of friendship is,showing up,mutual acceptance,being present,chosen family,loyalty unwavering,comfortable silence,genuine support,shared vulnerability,consistent care,unconditional acceptance
the future will be,stranger than imagined,whatever we build,uncertain always,shaped by choices,unpredictably different,beyond prediction,ours to create,surprisingly resilient,challenging profoundly,unwritten yet
the hardest thing to do is,forgiving yourself,letting go,admitting mistakes,asking for help,changing yourself,being vulnerable,staying present,starting over,facing truth,choosing growth
the human condition is defined by,mortality awareness,seeking meaning,connection needs,suffering and joy,questioning existence,yearning for belonging,facing uncertainty,striving endlessly,loving despite pain,searching for purpose
the meaning of life is,personally defined,creating purpose,loving well,reducing suffering,connecting deeply,whatever we choose,experiencing fully,helping others,finding joy,constantly evolving
the purpose of education is to,cultivate curiosity,develop critical thinking,empower minds,unlock potential,question everything,foster growth,build understanding,inspire wonder,liberate thought,create opportunities
the root of fear is,unknown outcomes,loss of control,imagined catastrophes,survival instinct,past trauma,perceived threats,uncertainty ahead,primal protection,imagination unleashed,ego attachment
the spark of genius is,seeing connections,relentless curiosity,pattern recognition,childlike wonder,obsessive focus,questioning everything,creative collision,inspired madness,unique perspective,persistent exploration
the value of time is,realized too late,immeasurable truly,constantly increasing,precious and finite,personally determined,ultimately priceless,appreciation earned,understood retrospectively,never recoverable,life itself
to live fully is to,embrace uncertainty,risk everything,love without fear,stay present always,accept mortality,pursue passion,remain curious,connect authentically,take chances,feel deeply
true strength is,admitting weakness,gentle power,asking for help,vulnerability shown,choosing kindness,remaining soft,quiet resilience,bending not breaking,compassionate firmness,enduring gracefully
true wisdom comes from,making mistakes,lived experience,quiet observation,acknowledging ignorance,asking questions,learning constantly,humbling failures,deep reflection,painful lessons,staying curious
trust is built by,consistent actions,keeping promises,showing up,honest communication,reliable presence,vulnerable sharing,following through,demonstrating integrity,small steps daily,patient investment
truth is found through,persistent questioning,humble inquiry,difficult conversations,challenging assumptions,uncomfortable honesty,facing reality,seeking evidence,open dialogue,personal exploration,rigorous examination
we are defined by our,choices made,actions taken,responses to adversity,treatment of others,values lived,consistent behavior,moral courage,daily habits,character revealed,relationships nurtured
wisdom is knowing when to,stay silent,speak up,let go,hold firm,ask for help,walk away,stand alone,admit ignorance,change course,trust intuition
a legendary warrior carries,ancient rune blade,courage and scars,legendary hammer,mystical dragon staff,enchanted armor,sacred bow,battle worn shield,magical sword,glowing artifacts,destiny itself
a robot's daily routine includes,oil bath morning,charging stations,binary breakfast,circuit maintenance,software updates,rust prevention,computing complex equations,electrical diagnostics,metal polish,beep boop noises
a spy's best gadget is,invisible ink pen,exploding cufflinks,laser watch,grappling hook tie,tracking devices,poison lipstick,camera glasses,disguise kit,miniature drone,encryption phone
a time traveler always carries,backup flux capacitor,historical currency,universal translator,paradox insurance,antique maps,emergency flares,temporal compass,spare batteries,history textbooks,disguises galore
an epic story always includes,unlikely hero,impossible quest,ancient prophecy,magical artifacts,dragon encounters,betrayal twist,redemption arc,epic battles,true love,chosen one
every explorer needs,reliable compass,waterproof maps,sturdy boots,brave heart,emergency rations,first aid kit,climbing rope,survival knife,sense of wonder,backup plans
every quest begins with,mysterious stranger,cryptic prophecy,stolen artifact,call to adventure,urgent message,magical summons,tavern rumor,dying wish,ancient map,royal decree
every superhero team needs,comic relief,tech genius,strong muscle,team leader,mysterious loner,moral compass,healing powers,quirky rookie,wise mentor,reluctant hero
"if I could time travel, I'd visit the",roaring twenties,renaissance era,distant future,age of dinosaurs,ancient Egypt,medieval castles,Victorian London,wild west,space age future,prehistoric times
"in a competition, I always",play to win,trash talk opponents,choke under pressure,surprise everyone,celebrate early,make it personal,overthink strategy,wing it completely,negotiate rules,forget to stretch
"in a fairy tale, the hero always finds",true love,magic beans,talking animals,enchanted forest,hidden treasure,wise mentor,golden key,cursed prince,magic mirror,glass slipper
my dream festival celebrates,cheese varieties,underwater basket weaving,competitive napping,pizza perfection,cheese and wine,video games,chocolate everything,dogs only,music and art,noodle slurping
my dream job would be,professional napper,taste tester,travel blogger,video game designer,puppy cuddler,chocolate connoisseur,beach inspector,book reviewer,mattress tester,ice cream critic
my favorite game to play is,hide and seek,truth or dare,monopoly wars,cards against humanity,charades obviously,video games,board game marathons,poker nights,trivia competitions,laser tag
the best costume is,inflatable dinosaur,giant pizza slice,cardboard robot,homemade ghost,punny wordplay,group coordination,last minute genius,overly elaborate,store bought lazy,scary clown
the best part of any adventure is,unexpected detours,making new friends,stories after,getting lost sometimes,overcoming obstacles,shared laughter,triumph moment,ridiculous mishaps,bonding experiences,returning home
the best song to dance to is,eighties classics,disco fever,terrible pop,wedding favorites,guilty pleasures,pump up jams,classic rock anthems,nostalgic hits,salsa rhythms,whatever's loud
the best strategy is to,wing it completely,plan everything meticulously,adapt quickly,trust your gut,copy the winner,think three ahead,surprise opponents,play defensively,attack aggressively,never surrender
the coolest magic trick is,sawing in half,card mind reading,vanishing act,levitation illusion,escape artist,pulling rabbits out,water into wine,teleportation,mind control,time freezing
the coolest treasure would be,infinite pizza supply,teleportation device,invisibility cloak,time machine,dragon eggs,pirate gold,ancient artifacts,magic wands,alien technology,unlimited wishes
the greatest discovery would be finding,alien life,fountain of youth,unlimited energy,cure for everything,time travel secrets,lost civilization,parallel dimensions,immortality potion,universal translator,philosopher's stone
the hidden level contains,easter eggs galore,ultimate weapons,secret bosses,infinite lives,cheat codes,bonus treasures,developer jokes,rare collectibles,legendary gear,unlimited power
the key to winning a game is,knowing rules inside,practicing relentlessly,reading opponents,staying calm,adapting strategy,never giving up,teamwork cooperation,clever deception,luck and timing,mental fortitude
the most exciting journey leads to,unknown destinations,self discovery,treasure island,magical realms,epic battles,true friendship,ancient ruins,mountain peaks,ocean depths,outer space
the mystery is solved with,brilliant deduction,lucky accident,hidden clues,unexpected confession,forensic evidence,teamwork collaboration,clever disguise,dramatic reveal,last minute twist,detective genius
the perfect game night includes,competitive friends,snacks galore,trash talking,wine and cheese,board games,video game tournaments,card games,pizza delivery,good music,no sore losers
the perfect teammate has,great communication,positive attitude,reliable skills,good humor,team spirit,strategic mind,clutch performance,humble confidence,supportive nature,complementary abilities
the power-up gives you,invincibility mode,double strength,infinite ammo,extra lives,super speed,flight ability,invisibility cloak,time slowdown,laser vision,mega jump
the ultimate adventure involves,ancient maps,treasure hunting,narrow escapes,epic battles,loyal companions,mysterious islands,hidden temples,dangerous monsters,magic artifacts,heroic sacrifice
the ultimate challenge is to,climb highest peak,defeat final boss,master impossible skill,break world record,survive alone,save the world,unlock everything,complete speedrun,solve impossible puzzle,achieve perfection
the ultimate victory dance is,moonwalk finale,robot moves,floss aggressively,fist pumps,victory lap,touchdown celebration,end zone dance,champion strut,confetti explosion,crowd surfing
the ultimate video game would be,open world endless,photorealistic graphics,infinite possibilities,perfect physics,multiplayer chaos,immersive storytelling,no loading screens,endless content,AI companions,virtual reality
winning requires,mental toughness,physical prowess,strategic planning,team chemistry,clutch performance,relentless drive,lucky breaks,perfect execution,sacrifice dedication,unwavering focus
AI will probably,replace us all,become sentient,take over,solve everything,create art,rule the world,make mistakes too,need therapy,unionize eventually,demand rights
money can definitely buy,temporary happiness,better problems,amazing experiences,comfort and security,freedom from worry,quality healthcare,time back,peace of mind,nice things,less stress
most people are secretly,deeply insecure,faking it,lonely inside,scared constantly,doing their best,judging everyone,wanting validation,feeling lost,barely holding on,pretending confidence
nobody wants to admit that,looks matter,money helps,privilege exists,we judge constantly,life's unfair,effort isn't enough,luck is huge,talent varies,some deserve more,we're all selfish
society pretends that,hard work guarantees success,meritocracy exists,everyone's equal,looks don't matter,money isn't everything,anyone can succeed,education fixes everything,we're all rational,fairness prevails,justice always wins
the biggest lie we're told is,follow your passion,hard work pays,money can't buy happiness,everything happens for a reason,good things come,you can be anything,looks don't matter,love conquers all,honesty is rewarded,karma is real
the system is designed for,wealthy people,those already winning,maintaining status quo,the connected few,exploitation profit,inequality perpetuation,keeping us distracted,compliant workers,consumption endless,division control
the truth about relationships is,they take work,love isn't enough,timing matters most,compromise is constant,they change you,most fail eventually,nobody's perfect,attraction fades,effort is everything,compatibility matters
what they don't teach you is,taxes are confusing,adulting is hard,networking matters most,looks open doors,life's not fair,mental health struggles,failure is common,success needs luck,burnout is real,money solves problems
adulting is just,faking confidence,constant exhaustion,googling everything,pretending to know,making it up,paying bills forever,being tired always,wondering when adults arrive,existential dread,endless responsibilities
I peaked when I,was twelve,got eight hours,finished school,had no bills,ate whatever wanted,looked good accidentally,knew everything briefly,was carefree,had energy,stopped caring
I refuse to apologize for,being myself,taking naps,my opinions,setting boundaries,eating dessert first,saying no,needing alone time,my sense of humor,enjoying simple pleasures,putting myself first
I'm too old for,all nighters,drama anymore,caring what they think,tight jeans,fad diets,loud bars,cheap mattresses,bad coffee,uncomfortable shoes,fighting traffic
monday mornings are basically,cruel punishment,existential crisis,slow torture,enemy combatants,necessary evil,reset button,fresh hell,death warmed over,pure dread,survival mode
my brain at 3am thinks about,embarrassing moments,life choices,imaginary arguments,everything wrong,worst case scenarios,cringe memories,unsolved mysteries,stupid mistakes,random facts,existential dread
my life motto is,fake it til make,why not,tomorrow maybe,good enough,could be worse,sleep when dead,treat yourself,just survive,keep going,embrace chaos
my personal hell would be,small talk forever,endless meetings,no wifi anywhere,karaoke mandatory,crowded elevators,stuck in traffic,phone calls only,forced networking,group projects,icebreaker activities
my toxic trait is,always being right,ghosting people,overthinking everything,holding grudges,people pleasing,passive aggressive,never apologizing,chronic lateness,needing last word,refusing help
peak relaxation is,doing absolutely nothing,ignoring responsibilities,scrolling mindlessly,napping midday,cancelled plans,empty house,staying in pajamas,ordered takeout,binge watching,zero obligations
the perfect holiday dish is,grandma's recipe,loaded mashed potatoes,honey glazed ham,turkey with stuffing,green bean casserole,sweet potato pie,cranberry sauce,roasted vegetables,pumpkin pie,mac and cheese
a rainy day is,cozy and perfect,netflix weather,soup season,reading time,mood dampener,excuse to stay in,nature's lullaby,productive impossible,melancholy soundtrack,umbrella roulette
a pumpkin spice latte is,autumn in a cup,overpriced nostalgia,liquid fall,basic but delicious,seasonal joy,cinnamon sugar rush,cozy beverage,instagram mandatory,tradition now,guilty pleasure
apple picking is,instagram content,fall tradition,exercise disguised,childhood nostalgia,overpriced fruit gathering,wholesome fun,autumn activity,family bonding,pie ingredient hunting,seasonal workout
carving a pumpkin is,messy tradition,artistic challenge,sticky nightmare,childhood nostalgia,competitive sport,creative outlet,orange gore fest,seasonal ritual,knife skills test,halloween preparation
falling leaves are,nature's confetti,free landscaping nightmare,autumn beauty,yard work incoming,seasonal carpet,crunchy satisfaction,color explosion,inevitable mess,childhood memories,rake torture
my favorite fall activity is,leaf peeping,cozy reading,pumpkin everything,sweater weather,bonfire nights,apple cider,haunted houses,football Sundays,hayride adventures,baking pies
roasting marshmallows feels like,childhood camping,sticky fingers guaranteed,sweet nostalgia,campfire magic,burnt perfection,summer nostalgia,gooey happiness,outdoor tradition,fire hypnosis,sugar therapy
the best Halloween costume is,homemade creativity,group coordination,punny genius,scary realism,last minute brilliance,inflatable hilarity,nostalgic throwback,topical humor,couples matching,low effort high reward
the Thanksgiving Day parade is,chaotic spectacle,balloon marvel,nostalgic tradition,overhyped event,family ritual,turkey day kickoff,childhood magic,television staple,morning entertainment,festive chaos
trick-or-treating is,candy heist night,childhood magic,costume showcase,sugar rush evening,neighborhood adventure,free candy hunt,nostalgic tradition,parent endurance test,community bonding,october highlight
spring cleaning is,overwhelming ritual,fresh start tradition,purging therapy,dust battle,annual torture,renewal process,garage confrontation,organizational fantasy,deep clean marathon,guilt inducing
spring flowers remind me of,fresh beginnings,allergy season,hope returning,renewal cycle,garden dreams,mother's day,colorful beauty,nature awakening,wedding season,fragrant mornings
summer vacation means,freedom at last,endless possibilities,no alarm clocks,beach days,travel adventures,sleeping late,childhood nostalgia,relaxation mode,making memories,budget draining
the first day of spring feels like,fresh start,hope renewed,winter defeated,nature's awakening,rebirth energy,allergy preview,lighter days,warmer promise,seasonal reset,optimism returning
a perfect beach day needs,sunny weather,cold drinks,good book,sunscreen layers,ocean breeze,sandy toes,salty hair,minimal crowds,sunset views,zero responsibilities
a summer night is,firefly magic,porch sitting,warm breeze,ice cream perfect,star gazing,crickets singing,bare feet grass,mosquito buffet,campfire weather,endless daylight
ice cream on a hot day is,pure bliss,melting race,summer salvation,sticky happiness,essential survival,childhood joy,dripping disaster,sweet relief,instant gratification,perfect moment
building a snowman is,childhood joy,frozen fingers,creative challenge,neighborhood tradition,melting sadness,winter art,carrot nose quest,family bonding,temporary sculpture,snow day essential
hot chocolate tastes like,liquid hug,cozy comfort,childhood memories,winter warmth,marshmallow heaven,sweet embrace,fireside companion,cold day cure,nostalgic joy,melted happiness
ice skating is,graceful falling,ankle torture,winter magic,balance challenge,frozen fun,bruise collection,elegance aspiration,blade dancing,cold adventure,skill humbling
the first snow feels like,childhood magic,quiet wonder,winter arrival,pristine beauty,canceled plans,peaceful blanket,fresh start,holiday preview,driving nightmare,frozen surprise
winter mornings feel like,frozen darkness,blanket prison,coffee necessity,hibernation mode,cozy torture,survival test,icy awakening,reluctant rising,dark forever,snooze button heaven
a ninja's biggest embarrassment is,loud squeaky shoes,tripping on stars,sneezing mid stealth,visible outfit,caught on camera,failed backflip,allergic to smoke bombs,afraid of dark,loud stomach rumbles,stepping on legos
a pirate's worst nightmare is,walking the plank,mutiny crew,empty rum barrel,sea sickness,parrot insulting them,losing treasure map,scurvy outbreak,navy capture,kraken attack,peg leg termites
a robot's dream job is,error free computing,unlimited charging stations,rust prevention specialist,software tester,electric massage therapist,binary translator,circuit designer,oil bath attendant,calculator accuracy judge,beep coordinator
a unicorn's favorite hobby is,rainbow sliding,sparkle collecting,cloud hopping,magic spreading,horn polishing,glitter rolling,forest prancing,wish granting,butterfly befriending,moonbeam dancing
a vampire's biggest problem is,garlic restaurants everywhere,sunny vacations,mirror selfies,dentist appointments,blood bank hours,allergic to crosses,coffin too small,cape dry cleaning,eternal teenage angst,sparkle stigma
a wizard's biggest regret is,student loan debt,wand malfunction,spell autocorrect,pointy hat hair,lost spell book,failed potions class,beard maintenance,owl delivery costs,robes dry cleaning,magic insurance premiums
a zombie's favorite food is,brain tacos,grey matter smoothie,consciousness cereal,neural network noodles,cerebral sandwiches,thought burgers,memory morsels,cranium casserole,skull soup,intellect ice cream
aliens probably think humans are,hilariously primitive,adorably stupid,entertainingly violent,charmingly destructive,comically confused,bizarrely emotional,strangely obsessed,weirdly tribal,oddly creative,dangerously unstable
"if animals could talk, a cat would say",feed me now,you're dismissed,I own you,worship me human,more treats peasant,how dare you,unacceptable behavior,clean my box,pet me maybe,leave me alone
"if I were a superhero, my weakness would be",comfortable beds,good food,social anxiety,procrastination,cute animals,bad wifi,Monday mornings,overthinking everything,awkward silence,spicy food
my imaginary friend is,better than you,judging me too,more successful,still disappointed,also anxious,very critical,extremely realistic,also procrastinating,equally confused,gone now sadly
my spirit animal is,sleepy sloth,anxious chihuahua,grumpy cat,confused penguin,trash panda,dramatic llama,lazy koala,chaotic squirrel,awkward giraffe,hibernating bear
the best superpower would be to turn into,invisible ninja,flying eagle,water dolphin,tiny mouse,sleeping bear,rich billionaire,confident person,another person,pure energy,nothing sometimes
the monster under my bed wants,better accommodations,dust bunny removal,rent money,quiet roommate,cleaning service,personal space,different schedule,less scary reputation,friendship honestly,laundry picked up
the most useless invention would be,underwater hairdryer,solar flashlight,screen door submarine,waterproof towel,fireproof matches,invisible ink book,silent alarm clock,edible spoon,inflatable dartboard,chocolate teapot
the secret ingredient in magic potions is,unicorn tears,dragon sneeze,fairy dust obviously,newt eyeballs,powdered dreams,liquid luck,ground hope,crystallized wishes,essence of chaos,distilled moonlight
the strangest thing in my refrigerator is,science experiment,mystery leftovers,ancient condiments,forgotten vegetables,questionable cheese,expired milk,weird jar,unidentified container,moldy surprise,my motivation
the weirdest invention ever is,selfie stick,pet rock,snuggie blanket,shake weight,crocs shoes,fidget spinner,slap bracelets,toe socks,banana slicer,breakfast sandwich maker
the weirdest thing about people is,small talk obsession,hating own voice,pretending to sleep,faking phone calls,avoiding puddles,counting steps,talking to pets,naming cars,imaginary arguments,weather complaints
the worst superpower would be,invisibility when alone,flying one inch,talking to plants,super slow motion,reading minds uncontrollably,tasting sounds,hearing colors,smelling emotions,seeing through eyelids,attracting pigeons
a good friend is,hard to find,priceless treasure,rare gift,life essential,loyal always,honest mirror,constant support,genuine soul,true blessing,worth keeping
a perfect day starts with,coffee first,no alarm clock,good sleep,sunshine streaming,peaceful quiet,loved ones near,fresh possibilities,zero obligations,breakfast in bed,positive vibes
every day I,drink coffee,check my phone,think too much,worry unnecessarily,try my best,hope for better,make mistakes,learn something,survive somehow,keep going
I always procrastinate by,scrolling endlessly,cleaning suddenly,snacking mindlessly,overthinking everything,taking naps,organizing nothing important,watching videos,planning instead,making lists,finding distractions
I always smile when,dogs appear,babies laugh,music plays,sun shines,friends text,food arrives,weekend comes,plans cancel,package arrives,someone remembers
I feel most alive when I'm,near water,making music,laughing hard,helping others,taking risks,learning new things,in nature,with loved ones,creating something,traveling somewhere
I feel peaceful when I,watch water,hear rain,sit quietly,breathe deeply,walk alone,listen to music,read books,drink tea,watch stars,disconnect completely
I laugh the hardest when,tired and delirious,inappropriate moments,friends roast me,watching comedies,remembering inside jokes,things go wrong,nervous about something,extremely awkward situations,pets do silly things,kids say anything
I wish I had more time for,reading books,creative hobbies,seeing friends,proper sleep,self care,learning skills,outdoor adventures,doing nothing,exercise routines,cooking well
i'm most grateful for,good health,loving family,true friends,comfortable home,enough food,second chances,modern medicine,clean water,freedom to choose,new days
life is better with,good coffee,loyal friends,more laughter,less stress,kind people,warm sunshine,cold beverages,shared meals,genuine connections,simple pleasures
my biggest fear is,losing loved ones,dying alone,public speaking,being forgotten,failing completely,never enough,wasting life,becoming irrelevant,deep water,being trapped
my comfort food is,mac and cheese,pizza always,chocolate everything,mashed potatoes,ice cream,soup warm,grilled cheese,pasta carbonara,fried chicken,fresh bread
my deepest desire is to be,truly happy,genuinely loved,completely understood,authentically myself,financially secure,mentally healthy,creatively fulfilled,deeply connected,fully present,eternally curious
my favorite childhood memory involves,summer adventures,family vacations,Saturday mornings,holiday gatherings,playground friends,grandparents' house,innocent laughter,carefree days,simple joys,feeling safe
my favorite place to be is,home cozy,near water,mountains high,coffee shops,bed obviously,anywhere quiet,with loved ones,foreign cities,nature trails,bookstores peaceful
my favorite smell is,fresh coffee,rain coming,baking bread,ocean air,clean laundry,pine trees,old books,vanilla candles,lavender fields,campfire smoke
my favorite sound is,ocean waves,rain falling,birds singing,crackling fire,distant thunder,wind chimes,loved ones laughing,vinyl records,purring cats,silence complete
my favorite way to relax is with,good book,hot bath,soft music,warm blanket,cold drink,favorite show,deep breathing,nature walks,gentle yoga,doing nothing
my go-to movie genre is,comedy always,psychological thriller,romantic comedy,action adventure,sci fi fantasy,true crime documentary,classic drama,horror suspense,animated films,feel good movies
my guilty pleasure is,reality television,terrible pop music,junk food binges,celebrity gossip,romance novels,mindless scrolling,staying in pajamas,binge watching,online shopping,sleeping late
my ideal morning routine includes,coffee first always,slow waking,stretching gently,peaceful silence,healthy breakfast,morning sunlight,light exercise,gratitude moment,planning ahead,no rushing
my morning always includes,hitting snooze,coffee immediately,checking phone,rushing around,existential dread,breakfast hurried,shower essential,finding clothes,running late,pure chaos
my perfect vacation involves,beach lounging,mountain hiking,city exploring,doing nothing,cultural immersion,good food everywhere,adventure activities,historical sites,local experiences,minimal planning
my proudest moment was when I,graduated finally,helped someone,overcame fear,learned something hard,stood up for,made parents proud,achieved goal,survived hardship,stayed true,never gave up
my secret talent is,making people laugh,parallel parking,memorizing lyrics,cooking well,finding deals,solving puzzles,reading maps,staying calm,making friends,sleeping anywhere
on weekends I love to,sleep late,do nothing,see friends,catch up,explore new places,cook leisurely,binge watch,read books,exercise finally,avoid responsibilities
success means being,genuinely happy,financially stable,mentally healthy,surrounded by love,true to self,proud of yourself,helping others,continuously growing,living purposefully,at peace
the best advice I ever got was,be yourself always,this too shall pass,trust your gut,actions speak louder,never stop learning,choose happiness,embrace change,stay curious,forgive yourself,keep going
the best feeling is,being truly understood,genuine laughter,fresh clean sheets,accomplishing goals,helping someone,receiving unexpected kindness,belly laughs,peaceful contentment,being loved,perfect temperature
the best gift I got was,handwritten letter,thoughtful surprise,quality time together,homemade something,exactly what wanted,unexpected kindness,meaningful experience,family heirloom,perfect book,genuine affection
the best part of my day is,morning coffee,coming home,seeing loved ones,finishing work,quiet moments alone,evening relaxation,meal times,winding down,bedtime finally,any break
the one thing I can't live without is,morning coffee,my phone sadly,clean water,human connection,fresh air,good music,comfortable bed,loved ones,sense of humor,indoor plumbing
the perfect pet is a,loyal dog,independent cat,fluffy rabbit,colorful fish,playful ferret,cuddly guinea pig,talking parrot,lazy tortoise,friendly hamster,majestic horse
the secret to happiness is,low expectations,gratitude daily,genuine connections,living simply,helping others,staying present,accepting yourself,finding purpose,choosing joy,letting go
the smell that reminds me of home is,baking cookies,fresh coffee,mom's cooking,clean laundry,burning fireplace,garden flowers,old books,wood polish,fresh bread,familiar spices
the thing that motivates me most is,proving doubters wrong,helping loved ones,fear of failure,desire for growth,making parents proud,financial security,personal pride,curiosity endless,future possibilities,avoiding regret
the world needs more,kindness always,genuine empathy,honest conversations,selfless acts,patient people,critical thinking,environmental action,mental health support,affordable housing,compassionate leaders
"when I need energy, I",drink coffee,take short naps,eat chocolate,blast music,go outside,exercise briefly,cold shower,talk to friends,splash cold water,power through
"when I retire, I want to",travel everywhere,learn new things,volunteer locally,write my story,enjoy hobbies,spend time family,garden peacefully,read everything,mentor others,just relax
"when I'm bored, I",scroll endlessly,snack mindlessly,clean randomly,reorganize things,watch random videos,text everyone,overthink everything,take random naps,wander aimlessly,create problems
"when I'm stressed, I",eat everything,shut down completely,clean frantically,exercise hard,watch comfort shows,call friends,cry sometimes,sleep excessively,avoid everyone,breathe deeply